title,file,deck,artist,year,license
Untitled,diximus/auge.png,62a3338671d8fce048171b44,Diximus Team,2022,62a3336f71d8fce048171b41
Untitled,diximus/clouds.png,62a3338671d8fce048171b44,Diximus Team,2022,62a3336f71d8fce048171b41
Untitled,diximus/crystalball.png,62a3338671d8fce048171b44,Diximus Team,2022,62a3336f71d8fce048171b41
Untitled,diximus/fungal.png,62a3338671d8fce048171b44,Diximus Team,2022,62a3336f71d8fce048171b41
Untitled,diximus/gnome.png,62a3338671d8fce048171b44,Diximus Team,2022,62a3336f71d8fce048171b41
Untitled,diximus/lampflowers.png,62a3338671d8fce048171b44,Diximus Team,2022,62a3336f71d8fce048171b41
Untitled,diximus/prison.png,62a3338671d8fce048171b44,Diximus Team,2022,62a3336f71d8fce048171b41
Untitled,diximus/sauce2.png,62a3338671d8fce048171b44,Diximus Team,2022,62a3336f71d8fce048171b41
Untitled,diximus/sense.png,62a3338671d8fce048171b44,Diximus Team,2022,62a3336f71d8fce048171b41
Untitled,diximus/sharkman.png,62a3338671d8fce048171b44,Diximus Team,2022,62a3336f71d8fce048171b41
Untitled,diximus/squirrel.png,62a3338671d8fce048171b44,Diximus Team,2022,62a3336f71d8fce048171b41
Untitled,diximus/sunset.png,62a3338671d8fce048171b44,Diximus Team,2022,62a3336f71d8fce048171b41
Untitled,diximus/walk.png,62a3338671d8fce048171b44,Diximus Team,2022,62a3336f71d8fce048171b41
Untitled,diximus/IMG-0053.PNG,62a3338671d8fce048171b44,Diximus Team,2022,62a3336f71d8fce048171b41
Untitled,diximus/IMG-1275.JPG,62a3338671d8fce048171b44,Diximus Team,2022,62a3336f71d8fce048171b41
Untitled,diximus/IMG-1649.JPG,62a3338671d8fce048171b44,Diximus Team,2022,62a3336f71d8fce048171b41
Untitled,diximus/IMG-4842.JPG,62a3338671d8fce048171b44,Diximus Team,2022,62a3336f71d8fce048171b41
Untitled,diximus/IMG-4858.JPG,62a3338671d8fce048171b44,Diximus Team,2022,62a3336f71d8fce048171b41
Untitled,diximus/IMG-5187.JPG,62a3338671d8fce048171b44,Diximus Team,2022,62a3336f71d8fce048171b41
Untitled,diximus/kreezy.JPG,62a3338671d8fce048171b44,Diximus Team,2022,62a3336f71d8fce048171b41
Untitled,diximus/awww.JPG,62a3338671d8fce048171b44,Diximus Team,2022,62a3336f71d8fce048171b41
Untitled,diximus/rauchgeist.png,62a3338671d8fce048171b44,Diximus Team,2022,62a3336f71d8fce048171b41
Untitled,diximus/fleischfresser.JPG,62a3338671d8fce048171b44,Diximus Team,2022,62a3336f71d8fce048171b41
Untitled,diximus/verkehr.JPG,62a3338671d8fce048171b44,Diximus Team,2022,62a3336f71d8fce048171b41
Untitled,diximus/rosanilpferd.JPG,62a3338671d8fce048171b44,Diximus Team,2022,62a3336f71d8fce048171b41
Untitled,diximus/schattig.JPG,62a3338671d8fce048171b44,Diximus Team,2022,62a3336f71d8fce048171b41
Untitled,diximus/IMG-1786.JPG,62a3338671d8fce048171b44,Diximus Team,2022,62a3336f71d8fce048171b41